{"cameraMode":{"drawMode":0,"name":"Shaded","section":"Shading Mode"},"sceneLighting":true,"audioPlay":false,"sceneViewState":{"showFog":true,"showMaterialUpdate":false,"showSkybox":true,"showFlares":true,"showImageEffects":true,"showParticleSystems":true},"in2DMode":false,"pivot":{"x":3.8142600059509279,"y":1.6073373556137086,"z":4.564387321472168},"rotation":{"x":0.03159317374229431,"y":0.4012124836444855,"z":-0.01384731475263834,"w":0.9153320789337158},"size":6.924746513366699,"orthographic":false}